{
  "project_info": {
    "project_number": "619334218530",
    "project_id": "point-is-fcm",
    "storage_bucket": "point-is-fcm.appspot.com"
  },
  "client": [
    {
      "client_info": {
        "mobilesdk_app_id": "1:619334218530:android:a7d378cb3f016b5c81eb7b",
        "android_client_info": {
          "package_name": "com.ingsilver.is_poin"
        }
      },
      "oauth_client": [
        {
          "client_id": "619334218530-ljjc4e71a0m9ims3qlp99j2l5bornjb8.apps.googleusercontent.com",
          "client_type": 3
        }
      ],
      "api_key": [
        {
          "current_key": "AIzaSyCEvOjzeE4yOSSb382AOnsZ3YWmOX4LqQU"
        }
      ],
      "services": {
        "appinvite_service": {
          "other_platform_oauth_client": [
            {
              "client_id": "619334218530-ljjc4e71a0m9ims3qlp99j2l5bornjb8.apps.googleusercontent.com",
              "client_type": 3
            }
          ]
        }
      }
    }
  ],
  "configuration_version": "1"
}